{
 "CEloss": {
  "Train": 1.5752288555153287,
  "Val": 1.598254758463456,
  "Gold": 1.5203305941974212,
  "Related": 1.665638082417326,
  "Overall": 1.5775314458101415
 },
 "Perplexity": {
  "Train": 5.000298520792124,
  "Val": 7.463643735110324,
  "Gold": 5.1001016262814,
  "Related": 5.47233580454287,
  "Overall": 5.2466330422239436
 },
 "BLEU": {
  "Train": 0.0009048070972088742,
  "Val": 0.0011023164280014501,
  "Gold": 0.0007988491619698996,
  "Related": 0.001118187762485194,
  "Overall": 0.0009245580302881316
 },
 "Rouge1": {
  "Train": 0.037363262134425305,
  "Val": 0.04101991257623489,
  "Gold": 0.030151171666396984,
  "Related": 0.04940096583517484,
  "Overall": 0.03772892717860627
 },
 "Rouge2": {
  "Train": 0.006697215854782217,
  "Val": 0.008040096764204608,
  "Gold": 0.005186411911285638,
  "Related": 0.009365443947964607,
  "Overall": 0.0068315039457244545
 },
 "RougeL": {
  "Train": 0.02711813065400554,
  "Val": 0.029151508746144108,
  "Gold": 0.023273307724569075,
  "Related": 0.03355686211684151,
  "Overall": 0.027321468463219402
 },
 "METEOR": {
  "Train": 0.014612108622042638,
  "Val": 0.01654789334827548,
  "Gold": 0.011614887811918878,
  "Related": 0.019720484426615816,
  "Overall": 0.014805687094665922
 },
 "bertscore_precision": {
  "Train": 0.014366099757937543,
  "Val": 0.013232543756390231,
  "Gold": 0.01752480528441915,
  "Related": 0.00921277897347193,
  "Overall": 0.014252744157782812
 },
 "bertscore_recall": {
  "Train": -0.6078537151422431,
  "Val": -0.5989791558267406,
  "Gold": -0.621136895893688,
  "Related": -0.5851391866843206,
  "Overall": -0.6069662592106929
 },
 "bertscore_f1": {
  "Train": -0.31634125992861967,
  "Val": -0.3118902715814049,
  "Gold": -0.3223099961594489,
  "Related": -0.306016912456047,
  "Overall": -0.31589616109389823
 },
 "Distinct1": {
  "Train": 0.0490224611381223,
  "Val": 0.15622704857832337,
  "Gold": 0.07182622213819037,
  "Related": 0.056987581583157684,
  "Overall": 0.04837956550987298
 },
 "Distinct2": {
  "Train": 0.2080895990868883,
  "Val": 0.46987015869492843,
  "Gold": 0.2673461123110151,
  "Related": 0.22325211519157312,
  "Overall": 0.21113449713177335
 }
}