{
 "CEloss": {
  "Train": 1.2070340084310016,
  "Val": 1.223766157374932,
  "Gold": 1.1544879058712822,
  "Related": 1.2895815574100387,
  "Overall": 1.2087072233253946
 },
 "Perplexity": {
  "Train": 3.452373880860667,
  "Val": 4.632651666809057,
  "Gold": 3.341391237093315,
  "Related": 3.91199698519269,
  "Overall": 3.570401659455506
 },
 "BLEU": {
  "Train": 0.1051656283730869,
  "Val": 0.10705249660417164,
  "Gold": 0.11188009263380909,
  "Related": 0.09562036926265852,
  "Overall": 0.1053543151961954
 },
 "Rouge1": {
  "Train": 0.4793128261770696,
  "Val": 0.4794399088973253,
  "Gold": 0.4923675883032796,
  "Related": 0.45987181444522546,
  "Overall": 0.47932553444909515
 },
 "Rouge2": {
  "Train": 0.17604495132568768,
  "Val": 0.1773940459961508,
  "Gold": 0.18712011933830802,
  "Related": 0.159861209689537,
  "Overall": 0.17617986079273398
 },
 "RougeL": {
  "Train": 0.25897026251935096,
  "Val": 0.25790728079623126,
  "Gold": 0.2671631662741233,
  "Related": 0.2464847522727632,
  "Overall": 0.25886396434703896
 },
 "METEOR": {
  "Train": 0.2906901529214828,
  "Val": 0.2933402716186783,
  "Gold": 0.2945205152831278,
  "Related": 0.28563703537991153,
  "Overall": 0.29095516479120237
 },
 "bertscore_precision": {
  "Train": 0.17734104568257125,
  "Val": 0.17741745930444058,
  "Gold": 0.19764756312044987,
  "Related": 0.14707058391891809,
  "Overall": 0.17734868704475817
 },
 "bertscore_recall": {
  "Train": 0.06295188133221266,
  "Val": 0.06557822898970558,
  "Gold": 0.07393326869233527,
  "Related": 0.0472262665405666,
  "Overall": 0.06321451609796196
 },
 "bertscore_f1": {
  "Train": 0.12056676943003312,
  "Val": 0.12193959017194297,
  "Gold": 0.13605904429993299,
  "Related": 0.09780031764076379,
  "Overall": 0.12070405150422411
 },
 "Distinct1": {
  "Train": 0.01630300934462566,
  "Val": 0.04374455699683733,
  "Gold": 0.019525617622245035,
  "Related": 0.022627067372728692,
  "Overall": 0.0156706589645286
 },
 "Distinct2": {
  "Train": 0.10723276920182409,
  "Val": 0.21804891504229496,
  "Gold": 0.12551958421301307,
  "Related": 0.135818762884349,
  "Overall": 0.10371265663741885
 }
}