{
 "CEloss": {
  "Train": 0.5143891106749702,
  "Val": 0.5447984796017409,
  "Gold": 0.45613721519960865,
  "Related": 0.6059129333921841,
  "Overall": 0.5174300475676472
 },
 "Perplexity": {
  "Train": 1.6939119025311082,
  "Val": 1.747493869584633,
  "Gold": 1.5887205649637062,
  "Related": 1.8588604043520158,
  "Overall": 1.6992700992364604
 },
 "BLEU": {
  "Train": 0.31334647352665607,
  "Val": 0.3096890730719555,
  "Gold": 0.3346719871126093,
  "Related": 0.2816670440283042,
  "Overall": 0.312980733481186
 },
 "Rouge1": {
  "Train": 0.5500151135149969,
  "Val": 0.5462251794796324,
  "Gold": 0.5780685208857989,
  "Related": 0.5085908498206865,
  "Overall": 0.5496361201114605
 },
 "Rouge2": {
  "Train": 0.2649718019139982,
  "Val": 0.26074330724376743,
  "Gold": 0.2931107165459821,
  "Related": 0.22331693209352146,
  "Overall": 0.2645489524469751
 },
 "RougeL": {
  "Train": 0.34249170918970956,
  "Val": 0.3414284368954482,
  "Gold": 0.36363416576913715,
  "Related": 0.31171044593547204,
  "Overall": 0.34238538196028345
 },
 "METEOR": {
  "Train": 0.4652827544096425,
  "Val": 0.46628762243607624,
  "Gold": 0.4811388636175237,
  "Related": 0.44263828255209303,
  "Overall": 0.4653832412122859
 },
 "bertscore_precision": {
  "Train": 0.4523224791822334,
  "Val": 0.45113060646332226,
  "Gold": 0.47499328808529145,
  "Related": 0.41930344780816003,
  "Overall": 0.4522032919103423
 },
 "bertscore_recall": {
  "Train": 0.42058125621834214,
  "Val": 0.42008690412442845,
  "Gold": 0.45037605394888186,
  "Related": 0.3774484170655916,
  "Overall": 0.42053182100895076
 },
 "bertscore_f1": {
  "Train": 0.4371275260543021,
  "Val": 0.4362465511147793,
  "Gold": 0.4633307361558157,
  "Related": 0.3990850597007298,
  "Overall": 0.43703942856034983
 },
 "Distinct1": {
  "Train": 0.021499657977053742,
  "Val": 0.050611180199581426,
  "Gold": 0.025585436578140212,
  "Related": 0.028216652406845306,
  "Overall": 0.02027908906096306
 },
 "Distinct2": {
  "Train": 0.13192761760222008,
  "Val": 0.24861706983112733,
  "Gold": 0.1578012136131351,
  "Related": 0.15639015203916337,
  "Overall": 0.12656829135115136
 }
}